{
    "logistic_regression": {
        "accuracy": 0.9722222222222222,
        "precision": 0.974074074074074,
        "recall": 0.9722222222222222,
        "f1_score": 0.9721867461331064
    },
    "random_forest": {
        "accuracy": 1.0,
        "precision": 1.0,
        "recall": 1.0,
        "f1_score": 1.0
    },
    "svm": {
        "accuracy": 1.0,
        "precision": 1.0,
        "recall": 1.0,
        "f1_score": 1.0
    }
}