{
    "Logistic Regression": {
        "accuracy": 0.9722222222222222,
        "precision": 0.974074074074074,
        "recall": 0.9722222222222222,
        "f1_score": 0.9719701552732407
    },
    "Random Forest": {
        "accuracy": 1.0,
        "precision": 1.0,
        "recall": 1.0,
        "f1_score": 1.0
    },
    "SVM (Poly)": {
        "accuracy": 0.6944444444444444,
        "precision": 0.5324074074074074,
        "recall": 0.6944444444444444,
        "f1_score": 0.5921052631578948
    },
    "Neural Network": {
        "accuracy": 0.6388888888888888,
        "precision": 0.4613003095975232,
        "recall": 0.6388888888888888,
        "f1_score": 0.5357018460466736
    }
}